{
  "iosUrl": [
    "itms-services://?action=download-manifest&url=https://i.sddcsd.com/lutu_m1(ali).plist",
    "itms-services://?action=download-manifest&url=https://i.sddcsd.com/lutu_m1(ali).plist",
    "itms-services://?action=download-manifest&url=https://d2h27iz20pk1m6.cloudfront.net/lutu_m1(aws).plist"
  ],
  "androidUrl": [
    "https://i.sddcsd.com/lutu.apk",
    "https://i.sddcsd.com/lutu.apk",
    "https://d2h27iz20pk1m6.cloudfront.net/lutu.apk"
  ],
  "iosPwaUrl": [
    "https://i.sddcsd.com/itms-services-lutupwa.mobileconfig",
    "https://i.sddcsd.com/itms-services-lutupwa.mobileconfig",
    "https://d2h27iz20pk1m6.cloudfront.net/itms-services-lutupwa.mobileconfig"
  ],
  "hasCert": false,
  "description": "4/29 18:00 App已更新,请删除旧软件后重新下载安装",
  "tfUrl": "https://tf.testflight.systems/app/1568223480",
  "useTf": true
}
